Date,Open,High,Low,Close,Volume,AdjustedClose
20210104,2300.000,2380.000,2230.000,2360.000,120253500,2360.000
20210105,2370.000,2430.000,2310.000,2350.000,115900600,2350.000
20210106,2360.000,2640.000,2340.000,2510.000,410473700,2510.000
20210107,2510.000,2920.000,2510.000,2710.000,412293400,2710.000
20210108,2760.000,3010.000,2730.000,2860.000,302686900,2860.000
20210111,2910.000,3070.000,2880.000,3040.000,225648200,3040.000
20210112,3060.000,3800.000,3060.000,3760.000,545245600,3760.000
20210113,3800.000,3980.000,3650.000,3770.000,291605300,3770.000
20210114,3760.000,3940.000,3710.000,3760.000,156186400,3760.000
20210115,3760.000,3820.000,3620.000,3670.000,133074500,3670.000
20210118,3610.000,3670.000,3420.000,3420.000,214010500,3420.000
20210119,3380.000,3380.000,3190.000,3190.000,27759600,3190.000
20210120,2970.000,3650.000,2970.000,3650.000,460582500,3650.000
20210121,3700.000,3800.000,3400.000,3480.000,256274000,3480.000
20210122,3480.000,3550.000,3240.000,3240.000,143286700,3240.000
20210125,3240.000,3310.000,3020.000,3240.000,211405100,3240.000
20210126,3240.000,3320.000,3020.000,3020.000,194047400,3020.000
20210127,3020.000,3020.000,2810.000,2810.000,289989700,2810.000
20210128,2780.000,3050.000,2620.000,2620.000,406684000,2620.000
20210129,2700.000,2850.000,2440.000,2440.000,298212000,2440.000
20210201,2450.000,2960.000,2270.000,2800.000,788319700,2800.000
20210202,2830.000,2870.000,2610.000,2610.000,307312300,2610.000
20210203,2610.000,2810.000,2500.000,2750.000,415461700,2750.000
20210204,2770.000,2840.000,2620.000,2680.000,243985200,2680.000
20210205,2770.000,2780.000,2630.000,2710.000,102486100,2710.000
20210208,2710.000,3000.000,2700.000,2960.000,396067600,2960.000
20210209,2970.000,3070.000,2770.000,2830.000,340909500,2830.000
20210210,2840.000,2910.000,2760.000,2870.000,109923300,2870.000
20210211,2880.000,2950.000,2830.000,2870.000,83044700,2870.000
20210215,2870.000,2930.000,2870.000,2870.000,47366500,2870.000
20210216,2880.000,2950.000,2870.000,2900.000,68045400,2900.000
20210217,2900.000,2910.000,2740.000,2740.000,92026100,2740.000
20210218,2740.000,2780.000,2650.000,2700.000,72502400,2700.000
20210219,2700.000,2740.000,2650.000,2690.000,54334700,2690.000
20210222,2700.000,2850.000,2690.000,2770.000,120593000,2770.000
20210223,2790.000,2820.000,2740.000,2790.000,35518200,2790.000
20210224,2790.000,2870.000,2760.000,2820.000,73806700,2820.000
20210225,2830.000,2980.000,2830.000,2960.000,212040100,2960.000
20210226,2980.000,3070.000,2830.000,2940.000,234049800,2940.000
20210301,2970.000,2980.000,2880.000,2920.000,58303400,2920.000
20210302,2930.000,2950.000,2850.000,2850.000,43985100,2850.000
20210303,2860.000,2910.000,2800.000,2810.000,45506000,2810.000
20210304,2810.000,2850.000,2630.000,2680.000,74480200,2680.000
20210305,2680.000,2710.000,2580.000,2630.000,42364300,2630.000
20210308,2630.000,2740.000,2630.000,2680.000,35981600,2680.000
20210309,2680.000,2710.000,2600.000,2620.000,26459100,2620.000
20210310,2650.000,2650.000,2560.000,2570.000,25566700,2570.000
20210312,2580.000,2640.000,2570.000,2620.000,32371000,2620.000
20210315,2620.000,2680.000,2600.000,2600.000,24931000,2600.000
20210316,2600.000,2760.000,2600.000,2680.000,62132700,2680.000
20210317,2700.000,2730.000,2680.000,2700.000,22796400,2700.000
20210318,2700.000,2740.000,2700.000,2720.000,28798100,2720.000
20210319,2730.000,2730.000,2620.000,2670.000,86144100,2670.000
20210322,2670.000,2680.000,2620.000,2620.000,14325400,2620.000
20210323,2620.000,2660.000,2580.000,2590.000,22040400,2590.000
20210324,2590.000,2640.000,2560.000,2600.000,17906800,2600.000
20210325,2600.000,2620.000,2430.000,2490.000,34245000,2490.000
20210326,2450.000,2540.000,2450.000,2540.000,33440200,2540.000
20210329,2540.000,2560.000,2450.000,2450.000,17623100,2450.000
20210330,2450.000,2490.000,2320.000,2350.000,34230000,2350.000
20210331,2350.000,2350.000,2210.000,2290.000,38221500,2290.000
20210401,2290.000,2350.000,2250.000,2330.000,32073300,2330.000
20210405,2360.000,2360.000,2210.000,2230.000,26248100,2230.000
20210406,2240.000,2270.000,2190.000,2260.000,19421700,2260.000
20210407,2220.000,2270.000,2200.000,2240.000,12392300,2240.000
20210408,2240.000,2480.000,2220.000,2440.000,63860600,2440.000
20210409,2450.000,2450.000,2360.000,2380.000,43462300,2380.000
20210412,2380.000,2400.000,2260.000,2270.000,16776200,2270.000
20210413,2270.000,2320.000,2220.000,2270.000,7360300,2270.000
20210414,2260.000,2370.000,2260.000,2330.000,28175300,2330.000
20210415,2340.000,2370.000,2280.000,2300.000,11419500,2300.000
20210416,2300.000,2360.000,2300.000,2330.000,14885400,2330.000
20210419,2330.000,2510.000,2330.000,2460.000,86965900,2460.000
20210420,2460.000,2460.000,2350.000,2380.000,24559200,2380.000
20210421,2400.000,2400.000,2320.000,2340.000,21497300,2340.000
20210422,2350.000,2390.000,2340.000,2340.000,14292800,2340.000
20210423,2340.000,2350.000,2300.000,2320.000,8644200,2320.000
20210426,2320.000,2350.000,2300.000,2310.000,9523000,2310.000
20210427,2320.000,2350.000,2290.000,2290.000,13122000,2290.000
20210428,2290.000,2320.000,2210.000,2220.000,30003900,2220.000
20210429,2220.000,2320.000,2220.000,2260.000,25472000,2260.000
20210430,2260.000,2290.000,2240.000,2280.000,9390400,2280.000
20210503,2280.000,2300.000,2220.000,2240.000,13419700,2240.000
20210504,2240.000,2260.000,2210.000,2250.000,18996400,2250.000
20210505,2270.000,2340.000,2250.000,2280.000,25065300,2280.000
20210506,2290.000,2480.000,2280.000,2420.000,103671500,2420.000
20210507,2420.000,2450.000,2310.000,2310.000,35934600,2310.000
20210510,2310.000,2360.000,2280.000,2280.000,23936100,2280.000
20210511,2280.000,2280.000,2220.000,2250.000,25653900,2250.000
20210517,2250.000,2260.000,2100.000,2100.000,59145500,2100.000
20210518,2100.000,2130.000,1970.000,2010.000,58976400,2010.000
20210519,1990.000,2010.000,1890.000,1905.000,53428400,1905.000
20210520,1900.000,1970.000,1855.000,1925.000,51125300,1925.000
20210521,1935.000,1945.000,1850.000,1855.000,35467200,1855.000
20210524,1860.000,1875.000,1750.000,1760.000,51925100,1760.000
20210525,1760.000,1920.000,1750.000,1850.000,84463300,1850.000
20210527,1860.000,1995.000,1830.000,1830.000,111361900,1830.000
20210528,1850.000,1890.000,1835.000,1870.000,49657900,1870.000
20210531,1880.000,1925.000,1870.000,1905.000,34389500,1905.000
20210602,1905.000,1965.000,1905.000,1925.000,32880900,1925.000
20210603,1935.000,1945.000,1900.000,1920.000,23763100,1920.000
20210604,1925.000,2100.000,1910.000,2050.000,152696200,2050.000
20210607,2090.000,2090.000,1910.000,1915.000,115855500,1915.000
20210608,1915.000,1925.000,1815.000,1825.000,67980400,1825.000
20210609,1830.000,1885.000,1815.000,1860.000,49979400,1860.000
20210610,1860.000,1905.000,1845.000,1880.000,27826500,1880.000
20210611,1885.000,1900.000,1830.000,1835.000,31391400,1835.000
20210614,1840.000,1860.000,1810.000,1810.000,22068400,1810.000
20210615,1810.000,1835.000,1785.000,1795.000,20638700,1795.000
20210616,1795.000,1810.000,1770.000,1780.000,19248900,1780.000
20210617,1780.000,1865.000,1760.000,1855.000,47074500,1855.000
20210618,1850.000,1900.000,1765.000,1765.000,76096700,1765.000
20210621,1770.000,1785.000,1710.000,1725.000,36153100,1725.000
20210622,1730.000,1835.000,1725.000,1810.000,51865900,1810.000
20210623,1800.000,1830.000,1750.000,1750.000,35983500,1750.000
20210624,1750.000,1770.000,1725.000,1725.000,24638900,1725.000
20210625,1720.000,2010.000,1720.000,1945.000,326345000,1945.000
20210628,1990.000,2260.000,1940.000,2250.000,462123900,2250.000
20210629,2230.000,2330.000,2100.000,2190.000,296291800,2190.000
20210630,2180.000,2370.000,2150.000,2300.000,299011700,2300.000
20210701,2310.000,2360.000,2230.000,2280.000,133280900,2280.000
20210702,2300.000,2320.000,2150.000,2230.000,85758200,2230.000
20210705,2230.000,2280.000,2150.000,2160.000,65876800,2160.000
20210706,2170.000,2250.000,2120.000,2180.000,81078200,2180.000
20210707,2190.000,2350.000,2180.000,2330.000,186353800,2330.000
20210708,2340.000,2500.000,2340.000,2430.000,226814600,2430.000
20210709,2450.000,2500.000,2370.000,2380.000,97058100,2380.000
20210712,2380.000,2450.000,2350.000,2360.000,49773000,2360.000
20210713,2360.000,2400.000,2250.000,2290.000,59205400,2290.000
20210714,2290.000,2400.000,2220.000,2350.000,66109300,2350.000
20210715,2350.000,2410.000,2330.000,2390.000,67831800,2390.000
20210716,2390.000,2500.000,2380.000,2440.000,124496300,2440.000
20210719,2440.000,2620.000,2400.000,2590.000,188177000,2590.000
20210721,2610.000,2710.000,2560.000,2570.000,119988300,2570.000
20210722,2590.000,2640.000,2570.000,2580.000,31659000,2580.000
20210723,2580.000,2670.000,2580.000,2640.000,110733700,2640.000
20210726,2670.000,2720.000,2620.000,2680.000,102412700,2680.000
20210727,2680.000,2880.000,2560.000,2710.000,209397800,2710.000
20210728,2720.000,2830.000,2720.000,2800.000,100143700,2800.000
20210729,2800.000,2840.000,2750.000,2820.000,61978400,2820.000
20210730,2830.000,2870.000,2630.000,2630.000,125903000,2630.000
20210802,2600.000,2670.000,2470.000,2600.000,138114600,2600.000
20210803,2600.000,2650.000,2530.000,2540.000,43609400,2540.000
20210804,2550.000,2620.000,2530.000,2580.000,43638700,2580.000
20210805,2600.000,2730.000,2570.000,2700.000,72320700,2700.000
20210806,2720.000,2760.000,2630.000,2690.000,47590500,2690.000
20210809,2690.000,2700.000,2510.000,2510.000,64557700,2510.000
20210810,2500.000,2520.000,2340.000,2340.000,64239600,2340.000
20210812,2330.000,2360.000,2220.000,2350.000,66579700,2350.000
20210813,2340.000,2420.000,2300.000,2370.000,58846000,2370.000
20210816,2370.000,2400.000,2230.000,2250.000,66648300,2250.000
20210818,2250.000,2290.000,2100.000,2170.000,77463900,2170.000
20210819,2170.000,2190.000,2040.000,2060.000,60158100,2060.000
20210820,2060.000,2220.000,2010.000,2150.000,67850400,2150.000
20210823,2200.000,2220.000,2150.000,2200.000,45109700,2200.000
20210824,2210.000,2290.000,2170.000,2180.000,42628500,2180.000
20210825,2210.000,2230.000,2170.000,2200.000,20188700,2200.000
20210826,2240.000,2240.000,2170.000,2190.000,18675700,2190.000
20210827,2210.000,2250.000,2120.000,2160.000,37830700,2160.000
20210830,2190.000,2250.000,2170.000,2210.000,35446200,2210.000
20210831,2220.000,2220.000,2170.000,2220.000,18821200,2220.000
20210901,2220.000,2240.000,2180.000,2180.000,13395400,2180.000
20210902,2190.000,2210.000,2140.000,2140.000,21495800,2140.000
20210903,2140.000,2170.000,2120.000,2140.000,20361100,2140.000
20210906,2140.000,2160.000,2100.000,2130.000,22266000,2130.000
20210907,2130.000,2170.000,2110.000,2110.000,26353500,2110.000
20210908,2110.000,2130.000,2070.000,2070.000,25260900,2070.000
20210909,2070.000,2090.000,2000.000,2040.000,35230900,2040.000
20210910,2040.000,2120.000,2030.000,2090.000,32636900,2090.000
20210913,2090.000,2130.000,2070.000,2130.000,38031400,2130.000
20210914,2160.000,2170.000,2100.000,2120.000,36000300,2120.000
20210915,2120.000,2130.000,2090.000,2090.000,18992900,2090.000
20210916,2130.000,2220.000,2090.000,2150.000,76950000,2150.000
20210917,2150.000,2180.000,2120.000,2150.000,41364900,2150.000
20210920,2140.000,2150.000,2070.000,2080.000,24607200,2080.000
20210921,2080.000,2110.000,2030.000,2070.000,12422100,2070.000
20210922,2070.000,2120.000,2060.000,2110.000,16733500,2110.000
20210923,2120.000,2160.000,2090.000,2140.000,38513200,2140.000
20210924,2140.000,2170.000,2100.000,2110.000,33830500,2110.000
20210927,2110.000,2140.000,2070.000,2070.000,26093100,2070.000
20210928,2080.000,2090.000,2050.000,2060.000,17193000,2060.000
20210929,2050.000,2060.000,2000.000,2040.000,34865600,2040.000
20210930,2050.000,2080.000,2010.000,2040.000,31475800,2040.000
20211001,2040.000,2060.000,2010.000,2040.000,26500300,2040.000
20211004,2040.000,2160.000,2040.000,2120.000,72765500,2120.000
20211005,2150.000,2150.000,2080.000,2080.000,24531400,2080.000
20211006,2100.000,2240.000,2080.000,2200.000,158859700,2200.000
20211007,2220.000,2270.000,2140.000,2140.000,78378600,2140.000
20211008,2160.000,2180.000,2110.000,2150.000,30349700,2150.000
20211011,2150.000,2160.000,2070.000,2090.000,45849400,2090.000
20211012,2110.000,2120.000,2070.000,2080.000,25822900,2080.000
20211013,2100.000,2120.000,2070.000,2080.000,26679500,2080.000
20211014,2080.000,2140.000,2080.000,2090.000,35044800,2090.000
20211015,2080.000,2150.000,2080.000,2130.000,41829000,2130.000
20211018,2130.000,2290.000,2130.000,2250.000,147585200,2250.000
20211019,2260.000,2290.000,2190.000,2210.000,63811400,2210.000
20211021,2220.000,2260.000,2140.000,2150.000,72200000,2150.000
20211022,2160.000,2200.000,2120.000,2160.000,25874200,2160.000
20211025,2180.000,2190.000,2130.000,2130.000,24723400,2130.000
20211026,2140.000,2200.000,2130.000,2150.000,35485500,2150.000
20211027,2160.000,2170.000,2130.000,2140.000,16664500,2140.000
20211028,2140.000,2150.000,2060.000,2080.000,50755700,2080.000
20211029,2100.000,2130.000,2080.000,2110.000,26125300,2110.000
20211101,2110.000,2130.000,2080.000,2090.000,16310600,2090.000
20211102,2090.000,2110.000,2050.000,2070.000,21673000,2070.000
20211103,2080.000,2100.000,2060.000,2090.000,15715300,2090.000
20211104,2090.000,2120.000,2060.000,2060.000,43893800,2060.000
20211105,2070.000,2100.000,2060.000,2080.000,15992900,2080.000
20211108,2090.000,2140.000,2080.000,2090.000,46594400,2090.000
20211109,2090.000,2110.000,2070.000,2080.000,20608600,2080.000
20211110,2080.000,2090.000,2070.000,2080.000,9887100,2080.000
20211111,2080.000,2090.000,2060.000,2070.000,16686200,2070.000
20211112,2080.000,2090.000,2060.000,2060.000,14145300,2060.000
20211115,2060.000,2080.000,2060.000,2070.000,10493800,2070.000
20211116,2070.000,2130.000,2060.000,2090.000,38088700,2090.000
20211117,2100.000,2110.000,2070.000,2080.000,13719200,2080.000
20211118,2080.000,2100.000,2060.000,2070.000,15944600,2070.000
20211119,2100.000,2100.000,2060.000,2070.000,15622500,2070.000
20211122,2070.000,2080.000,2040.000,2060.000,28985000,2060.000
20211123,2060.000,2070.000,2040.000,2050.000,14629500,2050.000
20211124,2050.000,2060.000,2040.000,2050.000,9063300,2050.000
20211125,2050.000,2070.000,2050.000,2050.000,12821100,2050.000
20211126,2050.000,2060.000,2000.000,2010.000,26838200,2010.000
20211129,2000.000,2020.000,1940.000,1965.000,48176800,1965.000
20211130,1965.000,1985.000,1945.000,1955.000,21715900,1955.000
20211201,1950.000,1960.000,1850.000,1855.000,50955600,1855.000
20211202,1855.000,1860.000,1805.000,1810.000,38172600,1810.000
20211203,1810.000,1910.000,1810.000,1875.000,29798400,1875.000
20211206,1875.000,1895.000,1850.000,1880.000,15359100,1880.000
20211207,1890.000,1905.000,1865.000,1865.000,16042900,1865.000
20211208,1870.000,1950.000,1870.000,1915.000,33033700,1915.000
20211209,1920.000,1935.000,1890.000,1900.000,12217800,1900.000
20211210,1925.000,1925.000,1900.000,1905.000,6029600,1905.000
20211213,1915.000,1920.000,1895.000,1895.000,7702700,1895.000
20211214,1895.000,1905.000,1870.000,1880.000,8859400,1880.000
20211215,1880.000,1895.000,1865.000,1870.000,7354000,1870.000
20211216,1870.000,1885.000,1830.000,1845.000,13821500,1845.000
20211217,1845.000,1845.000,1825.000,1835.000,10391800,1835.000
20211220,1835.000,1845.000,1800.000,1800.000,13314500,1800.000
20211221,1800.000,1835.000,1775.000,1785.000,18121200,1785.000
20211222,1785.000,1795.000,1765.000,1765.000,14002900,1765.000
20211223,1780.000,1780.000,1765.000,1770.000,6180800,1770.000
20211224,1770.000,1810.000,1760.000,1795.000,12154900,1795.000
20211227,1795.000,1890.000,1795.000,1860.000,24651700,1860.000
20211228,1865.000,1880.000,1800.000,1800.000,22116400,1800.000
20211229,1800.000,1810.000,1780.000,1790.000,6949200,1790.000
20211230,1790.000,1805.000,1780.000,1780.000,5874000,1780.000
20220103,1780.000,1800.000,1780.000,1780.000,5966400,1780.000
20220104,1780.000,1810.000,1775.000,1795.000,8091700,1795.000
20220105,1800.000,1840.000,1785.000,1790.000,13579800,1790.000
20220106,1790.000,1800.000,1735.000,1745.000,24255100,1745.000
20220107,1745.000,1760.000,1730.000,1745.000,12566700,1745.000
20220110,1745.000,1810.000,1740.000,1760.000,23880800,1760.000
20220111,1765.000,1770.000,1740.000,1740.000,10893000,1740.000
20220112,1745.000,1755.000,1620.000,1620.000,37593700,1620.000
20220113,1630.000,1635.000,1535.000,1615.000,40320800,1615.000
20220114,1615.000,1620.000,1550.000,1585.000,18607300,1585.000
20220117,1585.000,1595.000,1535.000,1540.000,17197200,1540.000
20220118,1540.000,1560.000,1465.000,1495.000,29767800,1495.000
20220119,1495.000,1540.000,1480.000,1505.000,13147500,1505.000
20220120,1510.000,1580.000,1500.000,1550.000,23804700,1550.000
20220121,1550.000,1565.000,1520.000,1555.000,8568500,1555.000
20220124,1560.000,1560.000,1535.000,1550.000,6226300,1550.000
20220125,1550.000,1550.000,1505.000,1510.000,8208900,1510.000
20220126,1500.000,1525.000,1500.000,1515.000,7864100,1515.000
20220127,1510.000,1555.000,1505.000,1505.000,11192600,1505.000
20220128,1525.000,1545.000,1510.000,1520.000,11738800,1520.000
20220131,1520.000,1605.000,1520.000,1545.000,27556400,1545.000
20220202,1590.000,1590.000,1530.000,1545.000,16347800,1545.000
20220203,1550.000,1645.000,1550.000,1585.000,52233400,1585.000
20220204,1595.000,1595.000,1560.000,1580.000,12789900,1580.000
20220207,1585.000,1660.000,1570.000,1645.000,31516100,1645.000
20220208,1650.000,1695.000,1650.000,1660.000,35039500,1660.000
20220209,1665.000,1685.000,1650.000,1675.000,13311700,1675.000
20220210,1675.000,1715.000,1660.000,1670.000,27043900,1670.000
20220211,1670.000,1680.000,1630.000,1670.000,9234900,1670.000
20220214,1670.000,1680.000,1610.000,1615.000,15500000,1615.000
20220215,1615.000,1660.000,1605.000,1650.000,10345900,1650.000
20220216,1650.000,1680.000,1640.000,1655.000,18081500,1655.000
20220217,1655.000,1665.000,1630.000,1640.000,6219900,1640.000
20220218,1640.000,1715.000,1635.000,1700.000,33412400,1700.000
20220221,1700.000,1775.000,1700.000,1755.000,47584200,1755.000
20220222,1755.000,1755.000,1705.000,1725.000,29183500,1725.000
20220223,1725.000,1750.000,1720.000,1730.000,15184800,1730.000
20220224,1735.000,1735.000,1610.000,1615.000,47641300,1615.000
20220225,1610.000,1680.000,1580.000,1665.000,21172100,1665.000
20220301,1665.000,1820.000,1665.000,1795.000,96680900,1795.000
20220302,1795.000,1825.000,1740.000,1775.000,60775900,1775.000
20220304,1775.000,1795.000,1735.000,1740.000,18904900,1740.000
20220307,1745.000,1745.000,1670.000,1685.000,23814700,1685.000
20220308,1640.000,1715.000,1640.000,1650.000,19302300,1650.000
20220309,1655.000,1705.000,1645.000,1690.000,11301200,1690.000
20220310,1695.000,1715.000,1680.000,1700.000,11431900,1700.000
20220311,1700.000,1700.000,1665.000,1670.000,9788500,1670.000
20220314,1670.000,1695.000,1670.000,1685.000,8928600,1685.000
20220315,1685.000,1710.000,1665.000,1665.000,19014800,1665.000
20220316,1670.000,1685.000,1650.000,1655.000,11039700,1655.000
20220317,1655.000,1675.000,1640.000,1645.000,16434400,1645.000
20220318,1645.000,1650.000,1615.000,1615.000,15128100,1615.000
20220321,1695.000,1695.000,1610.000,1615.000,9339600,1615.000
20220322,1645.000,1645.000,1615.000,1630.000,5142400,1630.000
20220323,1645.000,1645.000,1615.000,1620.000,9877300,1620.000
20220324,1540.000,1630.000,1540.000,1620.000,9085400,1620.000
20220325,1510.000,1625.000,1510.000,1610.000,6514200,1610.000
20220328,1635.000,1635.000,1610.000,1615.000,4915000,1615.000
20220329,1650.000,1650.000,1610.000,1615.000,5238600,1615.000
20220330,1615.000,1630.000,1605.000,1620.000,9262900,1620.000
20220331,1620.000,1625.000,1605.000,1605.000,5846200,1605.000
20220401,1605.000,1620.000,1605.000,1605.000,6209700,1605.000
20220404,1605.000,1615.000,1580.000,1585.000,10364900,1585.000
20220405,1675.000,1675.000,1570.000,1570.000,11178700,1570.000
20220406,1570.000,1575.000,1510.000,1510.000,29419200,1510.000
20220407,1550.000,1550.000,1510.000,1525.000,9993900,1525.000
20220408,1525.000,1545.000,1525.000,1525.000,6002900,1525.000
20220411,1525.000,1535.000,1500.000,1515.000,17119500,1515.000
20220412,1550.000,1550.000,1500.000,1505.000,11919500,1505.000
20220413,1505.000,1525.000,1505.000,1505.000,7180100,1505.000
20220414,1505.000,1575.000,1505.000,1560.000,20906100,1560.000
20220418,1560.000,1620.000,1535.000,1615.000,23446900,1615.000
20220419,1675.000,1675.000,1575.000,1575.000,14888200,1575.000
20220420,1575.000,1580.000,1545.000,1555.000,23817000,1555.000
20220421,1565.000,1575.000,1555.000,1560.000,7391500,1560.000
20220422,1560.000,1560.000,1525.000,1535.000,6099500,1535.000
20220425,1510.000,1530.000,1505.000,1510.000,9596600,1510.000
20220426,1510.000,1530.000,1510.000,1530.000,5669100,1530.000
20220427,1530.000,1545.000,1520.000,1530.000,5100600,1530.000
20220428,1550.000,1585.000,1535.000,1580.000,17002000,1580.000
20220509,1580.000,1605.000,1515.000,1520.000,16759900,1520.000
20220510,1520.000,1520.000,1480.000,1520.000,21310100,1520.000
20220511,1525.000,1535.000,1510.000,1515.000,9435200,1515.000
20220512,1520.000,1520.000,1410.000,1410.000,22373400,1410.000
20220513,1410.000,1445.000,1340.000,1435.000,17041900,1435.000
20220517,1440.000,1470.000,1435.000,1445.000,7369600,1445.000
20220518,1470.000,1470.000,1440.000,1445.000,5344300,1445.000
20220519,1450.000,1450.000,1415.000,1415.000,7184700,1415.000
20220520,1415.000,1450.000,1415.000,1440.000,5340100,1440.000
20220523,1440.000,1450.000,1415.000,1415.000,5004300,1415.000
20220524,1415.000,1440.000,1410.000,1420.000,5391600,1420.000
20220525,1420.000,1435.000,1415.000,1415.000,5184600,1415.000
20220527,1420.000,1495.000,1420.000,1460.000,14191000,1460.000
20220530,1475.000,1475.000,1430.000,1435.000,9199100,1435.000
20220531,1455.000,1460.000,1435.000,1440.000,7584900,1440.000
20220602,1440.000,1465.000,1440.000,1450.000,8422800,1450.000
20220603,1450.000,1530.000,1450.000,1490.000,26107100,1490.000
20220606,1500.000,1510.000,1470.000,1485.000,9910800,1485.000
20220607,1495.000,1500.000,1455.000,1460.000,7016600,1460.000
20220608,1460.000,1465.000,1450.000,1460.000,4900600,1460.000
20220609,1460.000,1475.000,1450.000,1455.000,5411100,1455.000
20220610,1455.000,1455.000,1420.000,1445.000,10028500,1445.000
20220613,1435.000,1435.000,1410.000,1420.000,6374700,1420.000
20220614,1415.000,1425.000,1410.000,1415.000,4480900,1415.000
20220615,1415.000,1425.000,1410.000,1415.000,4938600,1415.000
20220616,1415.000,1440.000,1415.000,1420.000,6648300,1420.000
20220617,1420.000,1430.000,1395.000,1395.000,7610800,1395.000
20220620,1455.000,1455.000,1370.000,1385.000,8122700,1385.000
20220621,1385.000,1395.000,1380.000,1390.000,4705300,1390.000
20220622,1390.000,1395.000,1375.000,1385.000,5501700,1385.000
20220623,1385.000,1385.000,1365.000,1375.000,6589200,1375.000
20220624,1380.000,1380.000,1370.000,1375.000,8042900,1375.000
20220627,1410.000,1410.000,1360.000,1360.000,8202100,1360.000
20220628,1360.000,1370.000,1355.000,1355.000,4342600,1355.000
20220629,1355.000,1360.000,1350.000,1350.000,5559100,1350.000
20220630,1350.000,1355.000,1340.000,1340.000,5063400,1340.000
20220701,1340.000,1345.000,1285.000,1285.000,14206900,1285.000
20220704,1280.000,1295.000,1200.000,1205.000,23370800,1205.000
20220705,1205.000,1230.000,1200.000,1205.000,8329100,1205.000
20220706,1205.000,1220.000,1200.000,1210.000,5391700,1210.000
20220707,1210.000,1240.000,1210.000,1235.000,5052200,1235.000
20220708,1245.000,1255.000,1235.000,1255.000,3942000,1255.000
20220711,1260.000,1280.000,1255.000,1255.000,2844800,1255.000
20220712,1255.000,1545.000,1235.000,1520.000,144549900,1520.000
20220713,1500.000,1525.000,1415.000,1415.000,52462400,1415.000
20220714,1415.000,1470.000,1370.000,1420.000,25930300,1420.000
20220715,1420.000,1490.000,1415.000,1455.000,40816100,1455.000
20220718,1460.000,1545.000,1460.000,1515.000,57703100,1515.000
20220719,1515.000,1565.000,1505.000,1515.000,37414300,1515.000
20220720,1515.000,1555.000,1515.000,1530.000,19601400,1530.000
20220721,1580.000,1580.000,1510.000,1550.000,25961500,1550.000
20220722,1550.000,1565.000,1540.000,1550.000,12870000,1550.000
20220725,1555.000,1620.000,1550.000,1590.000,34194800,1590.000
20220726,1610.000,1670.000,1605.000,1635.000,47099500,1635.000
20220727,1640.000,1675.000,1620.000,1620.000,56196500,1620.000
20220728,1625.000,1680.000,1625.000,1675.000,42086600,1675.000
20220729,1675.000,1710.000,1635.000,1635.000,38687600,1635.000
20220801,1635.000,1660.000,1635.000,1635.000,14042500,1635.000
20220802,1635.000,1640.000,1555.000,1565.000,28695100,1565.000
20220803,1515.000,1585.000,1515.000,1570.000,11741700,1570.000
20220804,1580.000,1630.000,1580.000,1590.000,17799800,1590.000
20220805,1595.000,1600.000,1580.000,1590.000,8681600,1590.000
20220808,1590.000,1600.000,1555.000,1565.000,11759700,1565.000
20220809,1565.000,1595.000,1520.000,1545.000,17592100,1545.000
20220810,1550.000,1565.000,1540.000,1540.000,6551400,1540.000
20220811,1550.000,1575.000,1550.000,1570.000,8589400,1570.000
20220812,1575.000,1585.000,1550.000,1565.000,7205800,1565.000
20220815,1565.000,1575.000,1545.000,1545.000,7080200,1545.000
20220816,1550.000,1560.000,1525.000,1525.000,6830900,1525.000
20220818,1525.000,1565.000,1525.000,1540.000,10477300,1540.000
20220819,1545.000,1610.000,1545.000,1605.000,33561600,1605.000
20220822,1605.000,1645.000,1560.000,1570.000,31887200,1570.000
20220823,1570.000,1585.000,1540.000,1550.000,15961600,1550.000
20220824,1555.000,1565.000,1525.000,1530.000,14475500,1530.000
20220825,1535.000,1550.000,1510.000,1525.000,10892300,1525.000
20220826,1540.000,1565.000,1530.000,1530.000,14064500,1530.000
20220829,1495.000,1540.000,1460.000,1535.000,14056300,1535.000
20220830,1535.000,1550.000,1520.000,1520.000,7849200,1520.000
20220831,1525.000,1535.000,1515.000,1520.000,4412200,1520.000
20220901,1520.000,1530.000,1515.000,1520.000,3320300,1520.000
20220902,1530.000,1530.000,1510.000,1510.000,6141400,1510.000
20220905,1510.000,1515.000,1500.000,1505.000,5802800,1505.000
20220906,1510.000,1515.000,1505.000,1510.000,4593800,1510.000
20220907,1510.000,1525.000,1500.000,1500.000,8079100,1500.000
20220908,1505.000,1510.000,1500.000,1505.000,4928200,1505.000
20220909,1505.000,1505.000,1485.000,1485.000,9722000,1485.000
20220912,1485.000,1500.000,1480.000,1480.000,6342400,1480.000
20220913,1480.000,1490.000,1470.000,1470.000,12041100,1470.000
20220914,1465.000,1475.000,1455.000,1465.000,11904400,1465.000
20220915,1470.000,1550.000,1470.000,1530.000,31038000,1530.000
20220916,1535.000,1560.000,1510.000,1535.000,22598000,1535.000
20220919,1535.000,1540.000,1510.000,1525.000,7711300,1525.000
20220920,1535.000,1540.000,1515.000,1530.000,7095100,1530.000
20220921,1535.000,1535.000,1505.000,1515.000,8089300,1515.000
20220922,1515.000,1535.000,1505.000,1530.000,11161200,1530.000
20220923,1540.000,1595.000,1535.000,1575.000,49342300,1575.000
20220926,1580.000,1590.000,1540.000,1560.000,24012700,1560.000
20220927,1555.000,1570.000,1520.000,1550.000,10334100,1550.000
20220928,1540.000,1545.000,1520.000,1535.000,8850100,1535.000
20220929,1540.000,1560.000,1505.000,1505.000,11084000,1505.000
20220930,1495.000,1500.000,1400.000,1470.000,22343100,1470.000
20221003,1470.000,1515.000,1470.000,1500.000,13978200,1500.000
20221004,1510.000,1520.000,1485.000,1490.000,6706100,1490.000
20221005,1490.000,1505.000,1490.000,1490.000,4082200,1490.000
20221006,1490.000,1520.000,1485.000,1490.000,7689900,1490.000
20221007,1490.000,1490.000,1455.000,1460.000,9972900,1460.000
20221010,1460.000,1460.000,1440.000,1445.000,5514900,1445.000
20221011,1445.000,1455.000,1410.000,1415.000,9613800,1415.000
20221012,1415.000,1415.000,1360.000,1375.000,13723800,1375.000
20221013,1370.000,1375.000,1340.000,1345.000,8340500,1345.000
20221014,1350.000,1375.000,1305.000,1310.000,13162200,1310.000
20221017,1310.000,1320.000,1265.000,1295.000,9808100,1295.000
20221018,1300.000,1325.000,1300.000,1315.000,11186400,1315.000
20221019,1315.000,1360.000,1290.000,1300.000,14175700,1300.000
20221020,1300.000,1340.000,1295.000,1300.000,11931500,1300.000
20221021,1315.000,1390.000,1305.000,1345.000,21839300,1345.000
20221024,1360.000,1410.000,1360.000,1395.000,17757300,1395.000
20221025,1400.000,1435.000,1390.000,1395.000,16168200,1395.000
20221026,1395.000,1395.000,1360.000,1375.000,6760100,1375.000
20221027,1380.000,1405.000,1380.000,1380.000,6158400,1380.000
20221028,1400.000,1445.000,1390.000,1395.000,15406000,1395.000
20221031,1400.000,1415.000,1395.000,1400.000,6302600,1400.000
20221101,1405.000,1435.000,1405.000,1405.000,13147000,1405.000
20221102,1410.000,1440.000,1410.000,1425.000,12214800,1425.000
20221103,1430.000,1430.000,1375.000,1390.000,16346800,1390.000
20221104,1390.000,1400.000,1375.000,1395.000,8192600,1395.000
20221107,1400.000,1400.000,1380.000,1385.000,8433100,1385.000
20221108,1390.000,1395.000,1375.000,1375.000,4434800,1375.000
20221109,1375.000,1380.000,1365.000,1375.000,6493600,1375.000
20221110,1375.000,1375.000,1355.000,1375.000,5421600,1375.000